,Unnamed: 0,Unnamed: 1,Unnamed: 2,Unnamed: 3,Unnamed: 4,Unnamed: 5,Unnamed: 6,Unnamed: 7,Unnamed: 8,Unnamed: 9,Unnamed: 10
0,,"우도마을버스(해안도로 순환)
(홀수일, 반시계방향)",,,,"동천진동항->우도봉->검몰레->영일동해녀탈의장->우도땅콩마을->영일동너른구미->비양동해양광장->비양도입구->비양동해수욕장물코->하고수동해수욕장탈의장->하고수동해녀탈의장->상고수동해녀탈의장->초소->삼양동해녀탈의장->전흘동망루->전흘동해녀탈의장->전흘동광장->주흥동해녀탈의장->주흥동곤여물통->주흥동당알->하우목동항->상우목동해녀탈의장->산호사물코->서천진동탈의장->넓데기->동천진동항(25구간)
* 하단의 시간은 계절 및 도항선 운행시간에 따라 변경될 수 있으며, 천제지변에 따라 운행이 중단 될 수 있습니다.
  계절에따라 첫차.막차 시간변경됨",,,,,
1,,동천진동항 → 동천진동항,,,,,,,,,
2,,,,,,,,,,,
3,,,,,,,,,,,
4,,,,,,,,,,,
5,,구분,동천진동항,우도봉,비양도,"하고수동
해녀탈의장",전흘동망루,하우목동항,산호사물코,동천진동항,비고
6,,1.0,08:00,08:02,08:12,08:16,08:22,08:32,08:36,08:40,
7,,2.0,09:00,09:02,09:12,09:16,09:22,09:32,09:36,09:40,
8,,3.0,10:00,10:02,10:12,10:16,10:22,10:32,10:36,10:40,
9,,4.0,11:00,11:02,11:12,11:16,11:22,11:32,11:36,11:40,
10,,5.0,12:00,12:02,12:12,12:16,12:22,12:32,12:36,12:40,
11,,6.0,13:00,13:02,13:12,13:16,13:22,13:32,13:36,13:40,
12,,7.0,14:00,14:02,14:12,14:16,14:22,14:32,14:36,14:40,
13,,8.0,15:00,15:02,15:12,15:16,15:22,15:32,15:36,15:40,
14,,9.0,16:00,16:02,16:12,16:16,16:22,16:32,16:36,16:40,
15,,10.0,17:00,17:02,17:12,17:16,17:22,17:32,17:36,17:40,
16,,11.0,17:30,17:32,17:42,17:46,17:52,18:02,18:06,18:10,
