,Unnamed: 0,Unnamed: 1,Unnamed: 2,Unnamed: 3,Unnamed: 4,Unnamed: 5,Unnamed: 6,Unnamed: 7,Unnamed: 8,Unnamed: 9,Unnamed: 10
0,,"우도마을버스(해안도로 순환)
(짝수일, 시계방향)",,,,"동천진동항->넓데기->서천진동해녀탈의장->산호사물코->상우목동해녀탈의장->하우목동항->주흥동당알->주흥동곤여물통->주흥동해녀탈의장->전흘동광장->전흘동해녀탈의장->전흘동망루->삼양동해녀탈의장->초소->상고수동해녀탈의장->하고수동해녀탈의장->하고수동해수욕장탈의장->비양동해수욕장물코->비양도입구->비양동해양광장->영일동너른구미->우도땅콩마을->영일동해녀탈의장->검몰레->우도봉->동천진동항(25구간)
* 하단의 시간은 계절 및 도항선 운행시간에 따라 변경될 수 있으며, 천제지변에 따라 운행이 중단 될 수 있습니다.
  계절에따라 첫차.막차 시간변경됨",,,,,
1,,동천진동항 → 동천진동항,,,,,,,,,
2,,,,,,,,,,,
3,,,,,,,,,,,
4,,,,,,,,,,,
5,,구분,동천진동항,산호사물코,하우목동항,전흘동망루,"하고수동
해녀탈의장",비양도입구,우도봉,동천진동항,비고
6,,1.0,08:00,08:04,08:08,08:14,08:18,08:22,08:34,09:40,
7,,2.0,09:00,09:04,09:08,09:14,09:18,09:22,09:34,10:40,
8,,3.0,10:00,10:04,10:08,10:14,10:18,10:22,10:34,11:40,
9,,4.0,11:00,11:04,11:08,11:14,11:18,11:22,11:34,12:40,
10,,5.0,12:00,12:04,12:08,12:14,12:18,12:22,12:34,13:40,
11,,6.0,13:00,13:04,13:08,13:14,13:18,13:22,13:34,14:40,
12,,7.0,14:00,14:04,14:08,14:14,14:18,14:22,14:34,15:40,
13,,8.0,15:00,15:04,15:08,15:14,15:18,15:22,15:34,16:40,
14,,9.0,16:00,16:04,16:08,16:14,16:18,16:22,16:34,17:40,
15,,10.0,17:00,17:04,17:08,17:14,17:18,17:22,17:34,18:40,
16,,11.0,17:30,17:34,17:38,17:44,17:48,17:52,18:04,18:10,
