,Unnamed: 0,Unnamed: 1,Unnamed: 2,Unnamed: 3,Unnamed: 4,Unnamed: 5,Unnamed: 6,Unnamed: 7,Unnamed: 8,Unnamed: 9,Unnamed: 10
0,,"우도마을버스(해안도로 순환)
(짝수일, 시계방향)",,,,"하우목동항->주흥동당알->주흥동곤여물통->주흥해녀탈의장->전흘동광장->전흘동해녀탈의장->전흘동망루->삼양동해녀탈의장->초소->상고수동해녀탈의장->하고수동해녀탈의장->하고수동해수욕장탈의장->비양동해수욕장물코->비양도입구->비양동해양광장->영일동너른구미-> 우도땅콩마을->영일동해녀탈의장->검몰레->우도봉->동천진동항->넓데기->서천진동해녀탈의장->산호사물코->상우목동해녀탈의장->하우목동항(25구간)
* 하단의 시간은 계절 및 도항선 운행시간에 따라 변경될 수 있으며, 천제지변에 따라 운행이 중단 될 수 있습니다.
  계절에따라 첫차.막차 시간변경됨",,,,,
1,,하우목동항 → 하우목동항,,,,,,,,,
2,,,,,,,,,,,
3,,,,,,,,,,,
4,,,,,,,,,,,
5,,구분,하우목동항,전흘동망루,하고수동해녀탈의실,비양도입구,우도봉,동천진동항,산호사물코,하우목동항,비고
6,,1.0,08:30,08:36,08:40,08:44,08:56,09:00,09:04,09:10,
7,,2.0,09:30,09:36,09:40,09:44,09:56,10:00,10:04,10:10,
8,,3.0,10:30,10:36,10:40,10:44,10:56,11:00,11:04,11:10,
9,,4.0,11:30,11:36,11:40,11:44,11:56,12:00,12:04,12:10,
10,,5.0,12:30,12:36,12:40,12:44,12:56,13:00,13:04,13:10,
11,,6.0,13:30,13:36,13:40,13:44,13:56,14:00,14:04,14:10,
12,,7.0,14:30,14:36,14:40,14:44,14:56,15:00,15:04,15:10,
13,,8.0,15:30,15:36,15:40,15:44,15:56,16:00,16:04,16:10,
14,,9.0,16:30,16:36,16:40,16:44,16:56,17:00,17:04,17:10,
15,,10.0,17:30,17:36,17:40,17:44,17:56,18:00,18:04,18:10,
