,Unnamed: 0,Unnamed: 1,Unnamed: 2,Unnamed: 3,Unnamed: 4,Unnamed: 5,Unnamed: 6,Unnamed: 7,Unnamed: 8,Unnamed: 9,Unnamed: 10
0,,"우도마을버스(해안도로 순환)
(홀수일, 반시계방향)",,,,"하우목동항->상우목동해녀탈의장->산호사물코->서천진동탈의장->넓데기->동천진동항->우도봉->검몰레->영일동해녀탈의장->우도땅콩마을->영일동너른구미->비양동해양광장->비양도입구->비양동해수욕장물코->하고수동해수욕장탈의장->하고수동해녀탈의장->상고수동해녀탈의장->초소->삼양동해녀탈의장->전흘동망루->전흘동해녀탈의장->전흘동광장->주흥동해녀탈의장->주흥동곤여물통->주흥동당알->하우목동항(25구간)
* 하단의 시간은 계절 및 도항선 운행시간에 따라 변경될 수 있으며, 천제지변에 따라 운행이 중단 될 수 있습니다.
  계절에따라 첫차.막차 시간변경됨",,,,,
1,,하우목동항 → 하우목동항,,,,,,,,,
2,,,,,,,,,,,
3,,,,,,,,,,,
4,,,,,,,,,,,
5,,구분,하우목동항,산호사물코,동천진동항,우도봉,비양도입구,"하고수동
해녀탈의장",전흘동망루,하우목동항,비고
6,,1.0,08:30,08:34,08:38,08:40,08:50,08:54,09:00,09:10,
7,,2.0,09:30,09:34,09:38,09:40,09:50,09:54,10:00,10:10,
8,,3.0,10:30,10:34,10:38,10:40,10:50,10:54,11:00,11:10,
9,,4.0,11:30,11:34,11:38,11:40,11:50,11:54,12:00,12:10,
10,,5.0,12:30,12:34,12:38,12:40,12:50,12:54,13:00,13:10,
11,,6.0,13:30,13:34,13:38,13:40,13:50,13:54,14:00,14:10,
12,,7.0,14:30,14:34,14:38,14:40,14:50,14:54,15:00,15:10,
13,,8.0,15:30,15:34,15:38,15:40,15:50,15:54,16:00,16:10,
14,,9.0,16:30,16:34,16:38,16:40,16:50,16:54,17:00,17:10,
15,,10.0,17:30,17:34,17:38,17:40,17:50,17:54,18:00,18:10,
